country,total_cases,total_deaths,total_recovered,active_cases,total_test,population
USA,1.0,1.0,1.0,0.15897085062219826,1.0,0.2380191281844041
India,0.42883039580388105,0.4684646515466465,0.4357390256735852,0.00016023566237770732,0.7891360577882114,1.0
France,0.3793234030017182,0.14496242061548104,0.3875194343021326,0.008722298175650789,0.23407702931260485,0.046625221411179044
Germany,0.36258126636757637,0.14626699678269275,0.36909864069164544,0.019723320944818854,0.10547416555418508,0.05963436731006992
Brazil,0.3534134945492021,0.6152815474850719,0.35450441010900424,0.019003127836650563,0.05498738495192892,0.15309876875694867
Japan,0.31275835232494925,0.060373278255151444,0.21285860112462965,1.0,0.07944649316093291,0.08928053534886161
S. Korea,0.28980779420062347,0.02955685895483854,0.2935260688023569,0.03859378643535272,0.013626159433295293,0.036491354650017516
Italy,0.2442855281545155,0.1649106082873245,0.24688412859264353,0.02300545860359596,0.22889357388075457,0.04284189439496922
UK,0.23296629986609194,0.1802142223516795,0.23706503352025116,0.004574431428175437,0.4505188424683109,0.04869640240517359
Russia,0.21074235675594666,0.34874728029410335,0.21077203182514367,0.018952546322714807,0.23572365648097074,0.10365608788863305
Turkey,0.16356267985667436,0.08958325058366103,0.0,0.0,0.14031624728863154,0.06082755804316481
Spain,0.13178394749261915,0.10453733003217307,0.13380701885407228,0.005053129763130605,0.40612438029089193,0.03321348400990481
Vietnam,0.11062236849065772,0.03811869171664747,0.10473932026676844,0.07951003130027907,0.0739990772410371,0.07034786408806394
Australia,0.10840481597640528,0.01643077493413126,0.11089086887362219,0.003748875383036275,0.06797105257283409,0.018532776270795692
Argentina,0.09632853029653793,0.11511781346679201,0.09748086360718551,0.0027100369975470704,0.030794156473323512,0.03270950847622541
Taiwan,0.09184160028782443,0.014436838830118233,0.09010575992985743,0.03866555009952872,0.026044692089590624,0.016982834745800597
Netherlands,0.08236808028065645,0.020291543645487162,0.0843617899584061,0.001071889844053723,0.022403606546423236,0.01223592932682334
Iran,0.07259667220669307,0.12776461138547224,0.0724175656492801,0.007491542204795237,0.04692123785210229,0.06115519247305842
Mexico,0.07071467684207286,0.2932189401863302,0.06520382746312159,0.039207155768602536,0.016688782227354364,0.09353035687429259
Indonesia,0.06459200649969707,0.14194724322225016,0.06479498553824703,0.00038931331303620743,0.09842705854643366,0.19844177400411578
Poland,0.061232365782706535,0.10480389430991187,0.05266278770344426,0.08450481884787728,0.03286562854295986,0.026829896525812594
Colombia,0.06100283870369371,0.12576714462877395,0.060988269972342544,0.003133680002351949,0.031859342876818526,0.03662135526789066
Austria,0.05547407303729011,0.019144081522770504,0.056553808102716964,0.0025885135407808435,0.18215862324396534,0.006445688313527762
Greece,0.05478376430091134,0.03144928879414971,0.05588291256796263,0.0009549315058737554,0.08814061446185549,0.007334284050753592
Portugal,0.05339798352457007,0.022968661044102265,0.054601404092953276,0.00050389778955132,0.03958816804471156,0.007209114832338325
Ukraine,0.05153827290143956,0.09799326528000282,0.05184719617688338,0.000530375477351625,0.028110783210653096,0.03070606162674943
Chile,0.04912793146081106,0.056324502288304275,0.049856064449239,0.00032996677141483436,0.0414950379234831,0.013685312196445077
Malaysia,0.0483372358183245,0.032607342874922216,0.049247178662559184,0.0008938502191896038,0.05834038842425132,0.023589024907681312
Israel,0.045934053902739636,0.010762312047910958,0.04705992124436303,0.0005253538469067395,0.035671838489386105,0.006630022269595024
DPRK,0.04580568150731919,6.531707467771761e-05,0.04710430415652141,0.0,0.0,0.0184772443246725
Thailand,0.045365850578063506,0.02989138829676901,0.046313731683178566,4.409904554326646e-05,0.014890747012655952,0.04981986344662244
Belgium,0.045025293277563,0.029619528040002296,0.04584044225632619,0.001210760751447736,0.03151191086589482,0.008295190112355317
Czechia,0.04405136753838331,0.037347244104913344,0.04479055987992592,0.0008585162013319555,0.049052957405074114,0.007632974160822597
Canada,0.04366975333689531,0.04446857057112721,0.0438599596641541,0.005100424391684253,0.057200598156279404,0.027291022181486678
Peru,0.043011048241225244,0.1932423307603702,0.04203090402800736,0.0003653920916442078,0.032551766891541434,0.02394671340056518
Switzerland,0.04209048303722331,0.012756248151923985,0.04309761381495468,0.0004089433229571231,0.020105264683613903,0.006237337411038268
Philippines,0.03909378033440855,0.058081001999232086,0.039458530840335515,0.0008768679780487185,0.02961059178778321,0.07998468107974833
South Africa,0.0389259441762811,0.09055682806162754,0.038614278433875174,0.003731071420549863,0.022824886278273247,0.043192636507025706
Romania,0.03191076129974593,0.05964684646515466,0.032096474574587024,0.0004862764318083585,0.0227532716380722,0.013529720659459921
Denmark,0.030454297008731243,0.007189291530405539,0.03122544635298643,0.00011440187177166227,0.11134774553114657,0.004148171610762759
Hong Kong,0.027613837024026904,0.011790614642499348,0.024767214487869504,0.03236112133190439,0.06563349298420657,0.005406033853169545
Sweden,0.025849657114414278,0.020518388080516533,0.026233380353691247,0.0011114237710107301,0.016735626915371643,0.007264851522876446
Serbia,0.023716579317901876,0.015624020795544317,0.024086656762543002,0.001184191761275706,0.01047951676140003,0.006151585758005796
Iraq,0.0236623262413983,0.022397577972257898,0.02407649123007177,6.144649617105244e-05,0.01685109529492745,0.029975837116308683
Singapore,0.02127804124915247,0.0015199459810139153,0.021164934688575804,0.006473155550572475,0.021345032303577646,0.004225374473553767
Hungary,0.02104134504787745,0.04296539519036838,0.02111920953135326,0.00035726618056066594,0.009824310183969218,0.006829263467456319
New Zealand,0.020944489918198684,0.003337349450762842,0.021409993107275514,0.0008449121479449023,0.006648059793114348,0.003482221206411876
Bangladesh,0.01955482226834176,0.025987369090018402,0.019666791807990185,0.0014078825720024199,0.013145873776505309,0.1193529762831122
Slovakia,0.01785934884637978,0.018488262786479366,0.018152966372941667,5.825091316067081e-05,0.006372282083284877,0.003881750073588555
Georgia,0.01741103397591958,0.014939956837770923,0.017533549884177574,0.0018905069089417707,0.01458837926052263,0.002821447707719067
Jordan,0.016766264041594498,0.012464969305388218,0.017084085307214086,0.00017055283038265373,0.014831350514137392,0.007323074294036139
Ireland,0.016317651657359027,0.007469095755714141,0.01663182767618326,0.0006033260723600513,0.011194939783206436,0.0035689503718420194
Pakistan,0.015128172389385722,0.027044799569260373,0.015186012614201985,0.0006376557641287224,0.02635799331534441,0.1631478812831824
Norway,0.014183259041904296,0.004512174131790438,0.014526200470675996,8.299385589819712e-05,0.009486221762165058,0.003918132729570869
Finland,0.013998637348520382,0.007625327137037871,0.014286708421212964,0.00022013001822943155,0.010361590268659777,0.003949121649872355
Kazakhstan,0.013492844736121406,0.01208807213123436,0.013649645357634733,0.0008401644246151924,0.00997989814356662,0.013653212822059837
Slovenia,0.012686054558114498,0.006228071336837506,0.012940416882959754,0.0003320667259645137,0.0024355607935064917,0.00147731199838898
Lithuania,0.012446248858026964,0.00842501997025425,0.012657844688606498,0.0004375209653071074,0.008924364856596699,0.0018922564138064801
Bulgaria,0.012432438460523224,0.033699197217845686,0.012381134946959953,0.0002516293364746219,0.009473563901884162,0.0048659479451429654
Morocco,0.012209917351057118,0.014383879039839002,0.012394853481071616,5.75204941868693e-06,0.011148791747399972,0.02685333620673162
Croatia,0.012165194312580794,0.015779369513696725,0.012328599869926583,4.8846768872976306e-05,0.0047215284576405695,0.0028858199205077533
Lebanon,0.011791469024746773,0.009523935618548285,0.010733884430864258,0.011893229545666616,0.004134715366129117,0.004752380199322328
Guatemala,0.011783925610960852,0.01774682572257014,0.011888195447146194,0.0002923501942640563,0.005826609408717997,0.013211729833693163
Bolivia,0.01140131329874291,0.019723991226328078,0.011311799886578319,0.001780122341526017,0.0023325968038188033,0.00852579630619691
Costa Rica,0.011383942333154467,0.008083429322953214,0.00849474331926881,0.02887957929327947,0.004017611405825892,0.0036842292975471642
Tunisia,0.011040169964437315,0.025869092225061455,0.0,0.0,0.004308701669199993,0.00856418588399641
Cuba,0.01067626263118726,0.007529116851363935,0.010893887938071655,9.95195851804564e-06,0.012328053226029166,0.008037392722741961
Ecuador,0.01008892245270817,0.03172467970360171,0.009984743904428441,0.00033005807378655953,0.0026576273076368458,0.012877116320739224
UAE,0.010071359542748584,0.002072493126260553,0.01019252541425063,0.0013079977773350626,0.17126505365520917,0.007167323511394925
Uruguay,0.009911095590062717,0.006716184070577747,0.010105713740836105,0.00010609335594467004,0.00527215874385619,0.0024853810781536047
Panama,0.00988221755942425,0.0075873726206710885,0.01006887108771464,8.208083218094523e-05,0.006444908938455596,0.0031614272305476483
Mongolia,0.009672710278321641,0.0019233230503073874,0.009925290343645234,3.104280638656438e-06,0.003474680506049097,0.002401536818403283
Nepal,0.009607746705908285,0.01060961131927251,0.009761516706919379,1.6434426910534084e-06,0.005176560471788535,0.021487913550447192
Belarus,0.009539942356802012,0.006282796453459378,0.009727249979987225,0.00012115824727932628,0.011766042850048028,0.006705948323465145
Latvia,0.009360647119717317,0.00548839959927092,0.00956181827582917,2.802982811963313e-05,0.006775390228507262,0.0013143717009276492
Saudi Arabia,0.007946084284923147,0.008450617202222547,0.00804881200504775,0.00026112478313404156,0.03884009203710322,0.025482794866138442
Azerbaijan,0.007945911534989117,0.008901658082767326,0.008069794453624293,1.871698620366382e-05,0.006455715669656519,0.007322602244412826
Paraguay,0.007737767058921624,0.017494384055572472,0.0,0.0,0.002291283948208188,0.005193856078507926
Bahrain,0.00672234294670081,0.0013619492733475441,0.00689282318243561,4.647290720812138e-05,0.009210331967202659,0.0012682658179904503
Sri Lanka,0.006449177314908619,0.014853455846981512,0.006466048468725873,2.739071151755681e-07,0.005592286816398627,0.015338656760161232
Kuwait,0.006361545112263272,0.002268444350293706,0.00651617540020295,4.656420957984657e-06,0.007290485216618043,0.0031140530697068513
Dominican Republic,0.006335027997389863,0.0038695953430691083,0.006363672674236462,0.000997569713469419,0.0032254031704171356,0.007860173635093538
Cyprus,0.006167729283501606,0.001135987501489494,0.006251526125235866,0.0007262190647021561,0.008311645442092255,0.0008697279706554844
Myanmar,0.006082861079800719,0.017203105209036704,0.006062792651985986,2.83037352348087e-06,0.008571878668371268,0.03926197597856626
Palestine,0.005959901515646499,0.004769911777816027,0.0060741030405413576,1.4517077104305108e-05,0.002654290619448911,0.003800241890739144
Estonia,0.005891598111175254,0.00257031515488532,0.005181362031138131,0.007850999642277307,0.003154900759612068,0.0009397697553506711
Moldova,0.005745547639172529,0.010550472886794036,0.0049756037583611875,0.007539567252322687,0.002773076718939388,0.0028530359319850884
Venezuela,0.005293653006190513,0.005159166236368371,0.005378879313999076,6.747245270491493e-05,0.0028961194669011392,0.020806433850958306
Egypt,0.0049487097768093884,0.021724988635711668,0.004364092698247055,0.0044601208587755,0.0031843963934387472,0.07546871456428694
Libya,0.004867296571789076,0.005681702833790112,0.004941840373328094,3.652094869007574e-07,0.002141210577150844,0.005005393110072896
China,0.0048302513081584725,0.0046534002392017194,0.003741044252250523,0.010862882280747855,0.13795093283451104,0.0
Ethiopia,0.0047940601969794555,0.006683525533238888,0.004801792892001116,0.0004955892737243279,0.004707410904051618,0.08588793461182267
Qatar,0.00472690845873507,0.0006055069355258687,0.004851673087253164,2.40125237637248e-05,0.003505134036665646,0.002118475532007319
Réunion,0.004663192524734143,0.000811167454443547,0.0041310750073288065,0.006062842692039474,0.0013826649559336998,0.0006455570075220595
Honduras,0.00451790983021599,0.009801091854342924,0.0,0.0,0.0013964738443104344,0.007266469572488885
Armenia,0.004280388268145058,0.00769417486440087,0.004294809166258655,0.00019438274940292814,0.002796007612749804,0.0021128244439716113
Bosnia and Herzegovina,0.0038521219872507477,0.014347689849814861,0.0037413502051695602,0.0005519228370787696,0.001624993875517453,0.002309998291976592
Oman,0.0038335513693426603,0.004084965156871312,0.003796471077841242,0.0009269016777541223,0.02155483325539235,0.003784923027360929
North Macedonia,0.0033246972442239524,0.008507107645187058,0.003322283531129757,1.5247496078106622e-05,0.0019107868230707095,0.001479636700600172
Kenya,0.00328997450748418,0.005020588118471051,0.0033263990913632562,7.4867944814655274e-06,0.0034203743969521312,0.039964418520288
Zambia,0.0032703290010976916,0.003572137854334097,0.0033072918380969395,0.00014717942322100525,0.0033332333792605614,0.013841741905878856
Albania,0.003207025747494723,0.003173174100897227,0.0032465651183925777,0.00014800114456653196,0.0016735448441352288,0.002037757179175227
Botswana,0.0031596154878223964,0.002471456879697423,0.003216788990755968,4.501206926051835e-05,0.0017475779366275296,0.0017354662688922507
Luxembourg,0.0028575910198288517,0.0010000573731061358,0.0028521819363047673,0.0006969110033783703,0.0038044858365298743,0.0004566731755674486
Montenegro,0.0027481635338402147,0.0024688088901834615,0.0027951266516288505,3.1773225360365896e-05,0.002326037236962522,0.00044642102554066004
Brunei,0.0026412985052063375,0.00019859921354711436,0.0024042076461404595,0.0028663466579405945,0.0006188685773355416,0.0003166649634964595
Algeria,0.002604425991509763,0.006073605281856417,0.0018036319355196524,0.007463786283790779,0.00019904681440692534,0.0322402413863854
Nigeria,0.0025572556623013653,0.0027848023055162033,0.002564576322960901,0.00031572360142570477,0.004922239305174812,0.15408932010362889
Zimbabwe,0.0025106419717692828,0.004988812244303513,0.0025162258923040397,9.157627884036492e-05,0.0021776899769522704,0.010899389777470802
Uzbekistan,0.0024046982761168918,0.001444919611451672,0.0023833337615029294,0.0006796548551223096,0.001188029122604158,0.024442846085683763
Mozambique,0.0022264491358549247,0.0019709868615586947,0.0022581792787187568,8.728506736928103e-05,0.0011821765542786539,0.02352389698894446
Martinique,0.002204308352643577,0.0009682814989385976,0.0,0.0,0.0007146961928290348,0.0002659452220422468
Laos,0.002091886534465109,0.0006690586838609452,0.0,0.0,0.0010632628501753053,0.005318394712561932
Iceland,0.002002776360161961,0.0002021298662323964,0.0,0.0,0.001721268969349328,0.0002455461378685647
Afghanistan,0.0020014039579082884,0.006957151116348246,0.0018365860257346476,0.0013307320678946348,0.0010250599259067782,0.02897303238512934
Kyrgyzstan,0.0019826605900661724,0.00264004554541964,0.0019384190005289927,0.0006569205645627375,0.0016443708084207206,0.004783249685381769
El Salvador,0.0019365267604619471,0.00373366521468575,0.0017706778453046574,0.001656681534953561,0.002250422881902606,0.004656790150601575
Guadeloupe,0.001932774248006101,0.0008888418135197518,0.0,0.0,0.0008087709692821994,0.00028422079382913075
Trinidad and Tobago,0.0018033461585443614,0.0038184008791325185,0.0018087147017552686,2.9034154208610217e-05,0.0007664346901886181,0.0009999667460946083
Maldives,0.0017822994582485292,0.00027450824628067806,0.0016155004986588455,0.001982813606755937,0.00190875032242474,0.0003845960323307811
Ghana,0.0016421512756584517,0.001290453556470583,0.0016742138507669633,1.278233204152651e-06,0.0021790375851273975,0.023030512002310974
Namibia,0.0016385907075737486,0.0036083270443582377,0.0016427895251471538,1.835177671676306e-05,0.000916220950867,0.0018724687192051604
Uganda,0.0016353180560457602,0.0032040673118934448,0.000991198632639162,0.006056908037877336,0.0025972780854883982,0.03443179929983325
Jamaica,0.0014722325211040917,0.0030716678361953687,0.0010087761213102928,0.00435649266686741,0.0010208248322687587,0.002122157376885534
Cambodia,0.0013310190472541705,0.0026974186515554732,0.0013385341513382691,1.1869308324274616e-06,0.0026654017048954007,0.01220549634448184
Rwanda,0.0012772458316784529,0.0012957495354985061,0.0012984148411484056,5.75204941868693e-06,0.005137846266875189,0.009668816126616494
Cameroon,0.0011899399344640494,0.0017344331316447986,0.0011706745627259197,0.00031152369232634607,0.0015103678588452671,0.01984282487871225
Malta,0.0011234216126444353,0.0007273144531680988,0.0011411353018653387,5.615095861099145e-05,0.0018185683488574993,0.0003156710999823169
Barbados,0.0010187639442787025,0.0005040006708240102,0.0010419177310563106,1.4608379476030296e-06,0.0006814379473092946,0.00020476076604713356
Angola,0.0010094258506225947,0.0017044225838199014,0.0010186850481074942,3.378187753832006e-06,0.0012931132456908468,0.024901572392745378
Channel Islands,0.000970384365532104,0.00019683388720447334,0.0009946233314425772,1.0499772748396776e-05,0.0010801627016408632,0.00012545074198579742
French Guiana,0.0009407481546276214,0.00037071853195461347,0.000111070779059465,0.007884325007957002,0.0005615094416562823,0.00022334843088316525
DRC,0.0009166207471749436,0.0012913362196419035,0.0008316392506368188,0.0008935763120744282,0.000730022541466949,0.06770840359573961
Senegal,0.0008531639380750605,0.0017397291106727218,0.0008579413322250074,1.826047434503787e-07,0.0009885417274054925,0.012550314375949374
Malawi,0.0008498720921099577,0.002370833278166885,0.0008425449917831409,4.601639534949544e-05,0.0005386845976254822,0.014346923867586509
Ivory Coast,0.0008443344970024816,0.0007352584217099834,0.0008600040470662574,1.0043260889770828e-06,0.001441314795028292,0.019722501989035118
Suriname,0.0007871158799647467,0.0012339631135060705,0.0,0.0,0.00020658410849967092,0.00042429796495653744
New Caledonia,0.0007662419296029431,0.0002771562357946396,0.00078487780126915,4.565118586259468e-07,8.532610073146594e-05,0.00020681674121372898
French Polynesia,0.0007481223809670418,0.0005728483981870099,0.0,0.0,0.0,0.00020201733307068415
Eswatini,0.000711422617204496,0.0012551470296177627,0.0007172720756109542,3.1955830103816277e-06,0.0009041855941705192,0.0008423078592531383
Guyana,0.0007000691076513863,0.0011421661436887376,0.000704254272378376,2.729940914583162e-05,0.0006189401393819496,0.0005645009685889536
Belize,0.0006780914771555103,0.0006072722618685097,0.0006903580881846914,2.099954549679355e-06,0.0004966371532975232,0.00029303333468843804
Fiji,0.0006604325950103524,0.0007793915802760088,0.0006590818042998998,0.00010563684408604409,0.0005756994194849721,0.0006465558474629539
Madagascar,0.0006509025569831013,0.0012524990401038012,0.0006550353302094093,3.4694901255571957e-06,0.0004519695034390387,0.020743223278357106
Sudan,0.000611697919177139,0.004414198519773861,0.0005752309655857347,4.172518387841154e-05,0.00048536397550495296,0.03269655981381726
Mauritania,0.0006109589333482384,0.0008800151818065468,0.0006162187872877035,2.109084786851874e-05,0.0008707781892046516,0.0034849070550216263
Cabo Verde,0.0006067745460573206,0.0003645398897553699,0.0006193671415190853,5.478142303511361e-06,0.0003462758096678874,0.00040357256937155955
Bhutan,0.0006007858816776583,1.8535926597730674e-05,0.000607602758309659,9.312841915969314e-05,0.0019862640893911214,0.0005601615244613953
Syria,0.0005513410116712159,0.002792746274058088,0.0005358025168259548,0.0,0.00012611215621731936,0.013766793364406407
Burundi,0.0005133264289663404,3.354120051017931e-05,0.0005269693599698839,5.478142303511361e-06,0.00029809644637543447,0.008975227359004294
Seychelles,0.0004861950921052743,0.00015181806546712742,0.0004978150076203496,4.839025701435036e-06,0.0,7.068374374616715e-05
Gabon,0.00047003337605503186,0.00027009493042407553,0.00048038556068423667,9.130237172518935e-08,0.001398399122016806,0.0016575290276963001
Andorra,0.0004590733524627653,0.00014563942326788386,0.0004694206028439074,1.0134563261496018e-05,0.00021540865723442855,5.5069849353381874e-05
Papua New Guinea,0.00044862198145402776,0.0005913843247847405,0.00043407810597062286,0.00019155237587944728,0.00021481460602990995,0.006605971199103638
Curaçao,0.0004412897064763643,0.00026038563553954994,0.00044136175933350583,8.865460294515887e-05,0.0004282453917648237,0.0001176775633995062
Aruba,0.0004221624498919622,0.00020830850843163995,0.0004188396767127755,0.00012042782830552476,0.00015337126054541873,7.650118661900611e-05
Tanzania,0.0004094077464295084,0.00074673304293715,0.0,0.0,0.0,0.04500008536704633
Mayotte,0.0004030543877446744,0.00016594067620825554,0.0,0.0,0.00015253838178843037,0.00020350670650568327
Mauritius,0.0003996953612496715,0.0009206176876872901,0.0003942154014547903,6.080737956897611e-05,0.00030924719271511406,0.0009062265062893049
Togo,0.00037764095300533827,0.0002559723196829474,0.0003855105474357351,2.739071151755681e-07,0.0006956201653980125,0.00617136421067172
Guinea,0.000366949651532672,0.00041220370100667733,0.0003726407859381749,1.4608379476030296e-06,0.0005691398526286911,0.00985737080348738
Isle of Man,0.0003647230968274129,0.00010238892787317895,0.0,0.0,0.0001299782311100065,6.094843118345707e-05
Bahamas,0.0003597613348333658,0.0007352584217099834,0.0003589123823775106,2.6660292543755292e-05,0.0002223070660694843,0.0002847340767026722
Lesotho,0.0003338392475105007,0.0006381654728647274,0.0002564082850510841,0.0007383622801416063,0.00037179587004894176,0.001546743815348019
Faeroe Islands,0.0003325724146609568,2.471456879697423e-05,0.0,0.0,0.0006707864109078099,3.500063118153247e-05
Haiti,0.0003269868334606948,0.0007590903273356371,0.0003260175088565228,1.6708334025709653e-05,0.00011417336517382262,0.008303724684234633
Mali,0.00031457762986629846,0.0006558187362911376,0.0003153979817312354,7.578096853190717e-06,0.0006805654076591164,0.015266087661594246
Cayman Islands,0.0003019956763378734,3.2658537338858804e-05,8.441339730723336e-05,0.0020891808698157827,0.0001920733947521408,4.782843751142445e-05
Saint Lucia,0.0002859779185659882,0.00036100923707008787,0.0002871516186898111,2.729940914583162e-05,0.00018190813538889776,0.0001316001836147913
Benin,0.00026856856410331615,0.00014387409692524284,0.0002745976795602892,2.739071151755681e-07,0.000521032051382646,0.009088893211523752
Somalia,0.0002621288304514678,0.0012013045761672116,0.0001300990767337718,0.001166387798789294,0.0003452791141781581,0.011973137026587404
Congo,0.0002434814347949232,0.0003407079841297162,0.0002369259927227223,8.975023140586113e-05,0.0002998837731489716,0.004121764557663455
Solomon Islands,0.0002358036599492023,0.00013504746521203777,0.0,0.0,0.0,0.000512684991413133
San Marino,0.00022478605304559286,0.00010768490690110201,0.0002297212949518489,2.647768780030491e-06,0.0001359109834152207,2.4231643690665496e-05
Timor-Leste,0.00022467088642290703,0.00012180751764223014,0.0002280040108256407,1.5977915051908137e-05,0.00024014584607164703,0.0009735518728961231
Micronesia,0.00021757854190917238,5.1194463936589474e-05,0.0,0.0,4.7392180781966053e-05,8.35250575200997e-05
Burkina Faso,0.00021133075262846703,0.0003495346158429213,0.00021314062062983882,3.0129782669312487e-06,0.00021468182825705673,0.015713307759087622
Liechtenstein,0.00020475665791681852,7.855702224752523e-05,0.0002095974884384093,1.278233204152651e-06,9.69596753360663e-05,2.729001338869228e-05
Gibraltar,0.00019572567525453935,9.797561201657641e-05,0.00016362559499083617,0.00033864049672872735,0.00046065523904763165,2.3960783891746806e-05
Grenada,0.0001888252751119477,0.00021007383477428097,0.00019105279376516114,7.669399224915906e-06,0.0001577649977561979,8.067143223700358e-05
Bermuda,0.0001800534173507116,0.0001385781178973198,0.00018350266527924586,1.4608379476030296e-06,0.0008837024672245849,4.40335566541332e-05
Nicaragua,0.00017741418224749507,0.00019859921354711436,4.169842203005506e-05,0.0012819766013933837,0.0,0.00481938494186271
South Sudan,0.00017623372436496548,0.00012180751764223014,0.00017878506865667392,1.0499772748396776e-05,0.0003537406795208949,0.008259809850904435
Tajikistan,0.00017064814316470356,0.00011033289641506353,0.00017038616755665574,3.624704157490017e-05,0.0,0.007078941461365082
Equatorial Guinea,0.0001649282009046415,0.00016152736035165302,0.00016662590748719989,1.132149409392348e-05,0.0003153015142798886,0.0010640041164547104
Tonga,0.0001605518692425806,1.1474621227166607e-05,0.00015433844348071028,9.888046857838008e-05,0.00046128119140536824,7.660071515404185e-05
Samoa,0.00015434246883610386,2.5597231968294737e-05,1.5840465646920325e-05,0.0013195931785441619,0.0001615724435024304,0.0001437753671220918
Monaco,0.00015404495506083217,5.7373106135833034e-05,0.00015773353393712188,8.217213455267042e-07,6.780805664814346e-05,2.828245506662008e-05
Dominica,0.00015120417836791543,6.531707467771761e-05,0.00015468387419575216,1.1869308324274616e-06,0.00019773886712498812,5.143065956161081e-05
Djibouti,0.00015053237306891486,0.00016682333937957606,0.00015225598974145783,6.756375507664012e-06,0.00026378028963951964,0.0007223617561729247
Marshall Islands,0.00014951506790185685,1.500527391244864e-05,0.0001532528040905787,3.5607924972823848e-06,0.0,4.2695608776009906e-05
CAR,0.0001474420686935122,9.974093835921743e-05,0.00015001562481818624,5.021630444885415e-06,7.009114458655463e-05,0.0035664472291858703
Gambia,0.00012074260666751787,0.00032835069973122905,0.0001202987138755837,2.282559293129734e-06,0.00013423143080796052,0.0018188711812522
Saint Martin,0.00011735478851684354,5.560777979319202e-05,1.3807359152673852e-05,0.0009834178458520146,9.689501083630012e-05,2.824477640692798e-05
Vanuatu,0.00011525299765282746,1.2357284398487115e-05,0.00011819652123832884,2.1912569214045446e-06,2.1534140615467174e-05,0.00022879619634015718
Greenland,0.00011484031725486995,1.8535926597730674e-05,2.7249548692303435e-05,0.000838977493782765,0.00014219809717915354,4.050313733279405e-05
Yemen,0.00011459078957238402,0.0019056697868809773,9.004885268691653e-05,6.044217008207535e-05,0.00028417202409245103,0.02214855908388067
Caribbean Netherlands,0.00011186517950215312,3.354120051017931e-05,0.00010339234773653415,0.00010472382036879219,2.5974436266077997e-05,1.8943834807838154e-05
Sint Maarten,0.00010561739022144775,7.855702224752523e-05,0.00010762634135804744,1.4608379476030296e-06,5.3504269299865104e-05,3.1256225509866484e-05
Eritrea,9.77380737860267e-05,9.091430664601235e-05,9.954326262606753e-05,0.0,2.0427946572800437e-05,0.0026035555733101823
Niger,9.526199139828173e-05,0.00027539090945199855,8.773940162063656e-05,6.655942898766304e-05,0.00021946096588644232,0.018543346201216487
St. Vincent Grenadines,9.194135377750746e-05,0.00010856757007242251,9.330577085731136e-05,7.304189738015148e-07,9.786239175280213e-05,7.930362579836957e-05
Antigua and Barbuda,8.734428608863208e-05,0.0001288688230127942,8.837104635671313e-05,5.478142303511362e-07,1.629631613440683e-05,7.07427499490812e-05
Comoros,8.625020317311685e-05,0.00014210877058260183,8.711762633356119e-05,3.652094869007574e-07,0.0,0.0006451005980971099
Guinea-Bissau,8.581832833804505e-05,0.00015534871815240945,8.542995055435659e-05,1.0499772748396776e-05,0.00012521719954055544,0.0014668849625077715
Liberia,7.732478991496634e-05,0.00025950297236822944,7.664614094329173e-05,1.826047434503787e-07,0.0001205553202040792,0.0037715037371656816
Sierra Leone,7.44264299107067e-05,0.00011121555958638404,0.0,0.0,0.00022413405373621138,0.00590519576034375
Chad,7.338993030653439e-05,0.00017123665523617859,4.810369443183156e-05,0.0002359253285378893,0.0001649729339968011,0.012379629336626048
British Virgin Islands,7.005969546720297e-05,5.6490442964512526e-05,0.0,0.0,9.254696987202238e-05,2.1751250413953397e-05
Cook Islands,6.723811321140055e-05,1.7653263426410164e-06,6.901705686536687e-05,1.4608379476030296e-06,1.6976586671947013e-05,1.2491542065092663e-05
Saint Kitts and Nevis,6.321687863595424e-05,4.060250588074338e-05,6.451658812082128e-05,8.217213455267042e-07,0.00010941492018436221,3.8297869363645034e-05
Turks and Caicos,6.254507333695366e-05,3.354120051017931e-05,6.366781550671839e-05,3.0129782669312487e-06,0.0005272545006468127,2.825259650610936e-05
Sao Tome and Principe,6.02225464461231e-05,6.796506419167913e-05,6.121032270542047e-05,9.130237172518935e-08,2.503464553614289e-05,0.0001618611237743004
Palau,5.7400964190320676e-05,7.943968541884574e-06,5.897982723115007e-05,9.130237172518935e-08,5.933614498544406e-05,1.2962169852190229e-05
St. Barth,5.196893848697316e-05,5.295979027923049e-06,0.0,0.0,6.780805664814346e-05,7.070080578074471e-06
Kiribati,4.801488444142691e-05,1.5887937083769148e-05,2.667712065023404e-05,0.00020880852413550805,0.0,8.774080189697066e-05
Nauru,4.4300760859809435e-05,8.826631713205082e-07,4.54882904465145e-05,1.0043260889770828e-06,1.768272300939367e-05,7.751140124961887e-06
Anguilla,3.741955515433211e-05,1.0591958055846098e-05,3.828359267564108e-05,1.1869308324274616e-06,4.430121769314279e-05,1.0827282775673625e-05
Macao,3.342711223455725e-05,0.00010591958055846099,3.313174029701653e-05,1.0043260889770828e-06,6.768217642193198e-06,0.0004745307275071824
Saint Pierre Miquelon,3.308161236649981e-05,1.7653263426410164e-06,2.4170280603930138e-05,9.139367409691454e-05,2.1899710587478627e-05,4.09417738050587e-06
Wallis and Futuna,3.2841681902571037e-05,6.1786421992435574e-06,4.322818662524051e-06,0.00027226367248451465,1.7681860816063452e-05,7.807302655446339e-06
Tuvalu,2.6872211960023056e-05,0.0,0.0,0.00025610315268915617,0.0,8.57793788386592e-06
Saint Helena,2.073958930200351e-05,0.0,1.9738898002392927e-08,0.00019757833241330978,0.0,4.347264226739607e-06
Falkland Islands,1.847464572251585e-05,0.0,1.9048036572309174e-05,0.0,7.442452826421871e-06,2.5159391820820063e-06
Montserrat,1.3416911542897225e-05,7.061305370564066e-06,1.3580361825646334e-05,1.7347450627785978e-06,1.5314277931291157e-05,3.5297084032317494e-06
Niue,7.12113616940611e-06,0.0,7.3626089548925615e-06,9.130237172518935e-08,0.0,1.153109170199778e-06
Diamond Princess,6.785233519905821e-06,1.1474621227166607e-05,6.898744851836328e-06,0.0,0.0,0.0
Vatican City,2.303332453716262e-07,0.0,2.8621402103469743e-07,0.0,0.0,5.680235678111114e-07
Western Sahara,4.7986092785755454e-08,8.826631713205082e-07,8.882504101076818e-08,0.0,0.0,0.0004451491930465248
MS Zaandam,3.8388874228604366e-08,1.7653263426410164e-06,6.908614300837524e-08,0.0,0.0,0.0
Tokelau,0.0,0.0,0.0,4.565118586259468e-07,0.0,9.796451519946326e-07
